{
  "dates_analyzed": [
    "Feb 8",
    "Feb 10",
    "Feb 11 (EVENT)",
    "Feb 12"
  ],
  "per_date_stats": {
    "Feb 8": {
      "n_scans": 34,
      "total_returns": 2582,
      "avg_per_scan": 75.94117647058823,
      "avg_n10": 16.705882352941178,
      "max_ref": 31.0,
      "az_bin_avgs": {
        "185-187": 17.970588235294116,
        "187-189": 16.705882352941178,
        "189-191": 13.0,
        "191-193": 15.529411764705882,
        "193-195": 5.705882352941177,
        "195-197": 4.764705882352941,
        "197-199": 2.264705882352941
      },
      "az_bin_maxs": {
        "185-187": 55,
        "187-189": 42,
        "189-191": 34,
        "191-193": 44,
        "193-195": 19,
        "195-197": 13,
        "197-199": 9
      }
    },
    "Feb 10": {
      "n_scans": 35,
      "total_returns": 601,
      "avg_per_scan": 17.17142857142857,
      "avg_n10": 5.6,
      "max_ref": 29.5,
      "az_bin_avgs": {
        "185-187": 0.05714285714285714,
        "187-189": 0.0,
        "189-191": 0.0,
        "191-193": 0.11428571428571428,
        "193-195": 10.685714285714285,
        "195-197": 4.742857142857143,
        "197-199": 1.5714285714285714
      },
      "az_bin_maxs": {
        "185-187": 2,
        "187-189": 0,
        "189-191": 0,
        "191-193": 3,
        "193-195": 27,
        "195-197": 14,
        "197-199": 4
      }
    },
    "Feb 11 (EVENT)": {
      "n_scans": 34,
      "total_returns": 845,
      "avg_per_scan": 24.852941176470587,
      "avg_n10": 9.970588235294118,
      "max_ref": 37.0,
      "az_bin_avgs": {
        "185-187": 0.9117647058823529,
        "187-189": 1.0588235294117647,
        "189-191": 0.9117647058823529,
        "191-193": 1.1470588235294117,
        "193-195": 16.11764705882353,
        "195-197": 2.6176470588235294,
        "197-199": 2.088235294117647
      },
      "az_bin_maxs": {
        "185-187": 4,
        "187-189": 4,
        "189-191": 3,
        "191-193": 6,
        "193-195": 39,
        "195-197": 9,
        "197-199": 11
      }
    },
    "Feb 12": {
      "n_scans": 35,
      "total_returns": 727,
      "avg_per_scan": 20.771428571428572,
      "avg_n10": 3.6857142857142855,
      "max_ref": 31.0,
      "az_bin_avgs": {
        "185-187": 0.9142857142857143,
        "187-189": 0.8,
        "189-191": 0.6285714285714286,
        "191-193": 4.085714285714285,
        "193-195": 9.657142857142857,
        "195-197": 3.2,
        "197-199": 1.4857142857142858
      },
      "az_bin_maxs": {
        "185-187": 5,
        "187-189": 4,
        "189-191": 3,
        "191-193": 12,
        "193-195": 23,
        "195-197": 9,
        "197-199": 5
      }
    }
  },
  "azimuth_persistence": {
    "185-187": "normal",
    "187-189": "normal",
    "189-191": "normal",
    "191-193": "normal",
    "193-195": "PERSISTENT",
    "195-197": "PERSISTENT",
    "197-199": "PERSISTENT"
  },
  "az_193_195_verdict": "persistent_with_excess"
}